Workbook

Sheet Summary
A1: ACH DB Next Day Validation (C-247489): Team Tracker Summary
A2: All figures calculate from the Task Tracker and Shared Work sheets.
A4: Person | B4: Role | C4: Ownership | D4: Task Hours | E4: Shared Hours | F4: Total Hours | G4: Active Hours (excl. Cut) | H4: Hours Done | I4: % Done | J4: # Tasks | K4: # Done | L4: # In Progress | M4: # Blocked | N4: # Must Open
A5: P1 | B5: Engine Lead | C5: Comparison engine, check types, findings, 5 Core Validations | D5: =SUMIFS('Task Tracker'!$H$2:$H$61,'Task Tracker'!$B$2:$B$61,A5) -> 20 | E5: =SUM('Shared Work'!$D$5:$D$9) -> 5 | F5: =D5+E5 -> 25 | G5: =SUMIFS('Task Tracker'!$H$2:$H$61,'Task Tracker'!$B$2:$B$61,A5,'Task Tracker'!$K$2:$K$61,"<>Cut") -> 20 | H5: =SUMIFS('Task Tracker'!$M$2:$M$61,'Task Tracker'!$B$2:$B$61,A5) -> 0 | I5: =IF(G5=0,0,H5/G5) -> 0 | J5: =COUNTIFS('Task Tracker'!$B$2:$B$61,A5) -> 12 | K5: =COUNTIFS('Task Tracker'!$B$2:$B$61,A5,'Task Tracker'!$K$2:$K$61,"Done") -> 0 | L5: =COUNTIFS('Task Tracker'!$B$2:$B$61,A5,'Task Tracker'!$K$2:$K$61,"In Progress") -> 0 | M5: =COUNTIFS('Task Tracker'!$B$2:$B$61,A5,'Task Tracker'!$K$2:$K$61,"Blocked") -> 0 | N5: =COUNTIFS('Task Tracker'!$B$2:$B$61,A5,'Task Tracker'!$G$2:$G$61,"M",'Task Tracker'!$K$2:$K$61,"<>Done",'Task Tracker'!$K$2:$K$61,"<>Cut") -> 9
A6: P2 | B6: Config & Governance Lead | C6: Rules file, schema, hot reload, hash/diff, what-if, config editor | D6: =SUMIFS('Task Tracker'!$H$2:$H$61,'Task Tracker'!$B$2:$B$61,A6) -> 20 | E6: =SUM('Shared Work'!$D$5:$D$9) -> 5 | F6: =D6+E6 -> 25 | G6: =SUMIFS('Task Tracker'!$H$2:$H$61,'Task Tracker'!$B$2:$B$61,A6,'Task Tracker'!$K$2:$K$61,"<>Cut") -> 20 | H6: =SUMIFS('Task Tracker'!$M$2:$M$61,'Task Tracker'!$B$2:$B$61,A6) -> 0 | I6: =IF(G6=0,0,H6/G6) -> 0 | J6: =COUNTIFS('Task Tracker'!$B$2:$B$61,A6) -> 12 | K6: =COUNTIFS('Task Tracker'!$B$2:$B$61,A6,'Task Tracker'!$K$2:$K$61,"Done") -> 0 | L6: =COUNTIFS('Task Tracker'!$B$2:$B$61,A6,'Task Tracker'!$K$2:$K$61,"In Progress") -> 0 | M6: =COUNTIFS('Task Tracker'!$B$2:$B$61,A6,'Task Tracker'!$K$2:$K$61,"Blocked") -> 0 | N6: =COUNTIFS('Task Tracker'!$B$2:$B$61,A6,'Task Tracker'!$G$2:$G$61,"M",'Task Tracker'!$K$2:$K$61,"<>Done",'Task Tracker'!$K$2:$K$61,"<>Cut") -> 7
A7: P3 | B7: Backend, Decision & Audit Lead | C7: API, run store, approve/investigate, SoD, audit chain, export, revalidate | D7: =SUMIFS('Task Tracker'!$H$2:$H$61,'Task Tracker'!$B$2:$B$61,A7) -> 20 | E7: =SUM('Shared Work'!$D$5:$D$9) -> 5 | F7: =D7+E7 -> 25 | G7: =SUMIFS('Task Tracker'!$H$2:$H$61,'Task Tracker'!$B$2:$B$61,A7,'Task Tracker'!$K$2:$K$61,"<>Cut") -> 20 | H7: =SUMIFS('Task Tracker'!$M$2:$M$61,'Task Tracker'!$B$2:$B$61,A7) -> 0 | I7: =IF(G7=0,0,H7/G7) -> 0 | J7: =COUNTIFS('Task Tracker'!$B$2:$B$61,A7) -> 12 | K7: =COUNTIFS('Task Tracker'!$B$2:$B$61,A7,'Task Tracker'!$K$2:$K$61,"Done") -> 0 | L7: =COUNTIFS('Task Tracker'!$B$2:$B$61,A7,'Task Tracker'!$K$2:$K$61,"In Progress") -> 0 | M7: =COUNTIFS('Task Tracker'!$B$2:$B$61,A7,'Task Tracker'!$K$2:$K$61,"Blocked") -> 0 | N7: =COUNTIFS('Task Tracker'!$B$2:$B$61,A7,'Task Tracker'!$G$2:$G$61,"M",'Task Tracker'!$K$2:$K$61,"<>Done",'Task Tracker'!$K$2:$K$61,"<>Cut") -> 8
A8: P4 | B8: Frontend / UX Lead | C8: Reviewer workbench UI and all non-config screens | D8: =SUMIFS('Task Tracker'!$H$2:$H$61,'Task Tracker'!$B$2:$B$61,A8) -> 20 | E8: =SUM('Shared Work'!$D$5:$D$9) -> 5 | F8: =D8+E8 -> 25 | G8: =SUMIFS('Task Tracker'!$H$2:$H$61,'Task Tracker'!$B$2:$B$61,A8,'Task Tracker'!$K$2:$K$61,"<>Cut") -> 20 | H8: =SUMIFS('Task Tracker'!$M$2:$M$61,'Task Tracker'!$B$2:$B$61,A8) -> 0 | I8: =IF(G8=0,0,H8/G8) -> 0 | J8: =COUNTIFS('Task Tracker'!$B$2:$B$61,A8) -> 12 | K8: =COUNTIFS('Task Tracker'!$B$2:$B$61,A8,'Task Tracker'!$K$2:$K$61,"Done") -> 0 | L8: =COUNTIFS('Task Tracker'!$B$2:$B$61,A8,'Task Tracker'!$K$2:$K$61,"In Progress") -> 0 | M8: =COUNTIFS('Task Tracker'!$B$2:$B$61,A8,'Task Tracker'!$K$2:$K$61,"Blocked") -> 0 | N8: =COUNTIFS('Task Tracker'!$B$2:$B$61,A8,'Task Tracker'!$G$2:$G$61,"M",'Task Tracker'!$K$2:$K$61,"<>Done",'Task Tracker'!$K$2:$K$61,"<>Cut") -> 7
A9: P5 | B9: Data, QA & Pitch Lead | C9: Synthetic data, tests, docs, deck, demo script, submission | D9: =SUMIFS('Task Tracker'!$H$2:$H$61,'Task Tracker'!$B$2:$B$61,A9) -> 19.5 | E9: =SUM('Shared Work'!$D$5:$D$9) -> 5 | F9: =D9+E9 -> 24.5 | G9: =SUMIFS('Task Tracker'!$H$2:$H$61,'Task Tracker'!$B$2:$B$61,A9,'Task Tracker'!$K$2:$K$61,"<>Cut") -> 19.5 | H9: =SUMIFS('Task Tracker'!$M$2:$M$61,'Task Tracker'!$B$2:$B$61,A9) -> 0 | I9: =IF(G9=0,0,H9/G9) -> 0 | J9: =COUNTIFS('Task Tracker'!$B$2:$B$61,A9) -> 12 | K9: =COUNTIFS('Task Tracker'!$B$2:$B$61,A9,'Task Tracker'!$K$2:$K$61,"Done") -> 0 | L9: =COUNTIFS('Task Tracker'!$B$2:$B$61,A9,'Task Tracker'!$K$2:$K$61,"In Progress") -> 0 | M9: =COUNTIFS('Task Tracker'!$B$2:$B$61,A9,'Task Tracker'!$K$2:$K$61,"Blocked") -> 0 | N9: =COUNTIFS('Task Tracker'!$B$2:$B$61,A9,'Task Tracker'!$G$2:$G$61,"M",'Task Tracker'!$K$2:$K$61,"<>Done",'Task Tracker'!$K$2:$K$61,"<>Cut") -> 11
A10: TEAM | D10: =SUM(D5:D9) -> 99.5 | E10: =SUM(E5:E9) -> 25 | F10: =SUM(F5:F9) -> 124.5 | G10: =SUM(G5:G9) -> 99.5 | H10: =SUM(H5:H9) -> 0 | I10: =IF(G10=0,0,H10/G10) -> 0 | J10: =SUM(J5:J9) -> 60 | K10: =SUM(K5:K9) -> 0 | L10: =SUM(L5:L9) -> 0 | M10: =SUM(M5:M9) -> 0 | N10: =SUM(N5:N9) -> 42
A12: Workload balance
A13: Average total hours per person | D13: =AVERAGE(F5:F9) -> 24.9
A14: Max minus min total hours (gap) | D14: =MAX(F5:F9)-MIN(F5:F9) -> 0.5
A15: Balance status | D15: =IF(D14<=1,"Balanced","Review split") -> Balanced
A17: Tasks by tag
A18: Tag | B18: Meaning | C18: # Tasks | D18: Hours | E18: # Done
A19: M | B19: Must have (acceptance criteria / FAQ) | C19: =COUNTIFS('Task Tracker'!$G$2:$G$61,A19) -> 42 | D19: =SUMIFS('Task Tracker'!$H$2:$H$61,'Task Tracker'!$G$2:$G$61,A19) -> 72.5 | E19: =COUNTIFS('Task Tracker'!$G$2:$G$61,A19,'Task Tracker'!$K$2:$K$61,"Done") -> 0
A20: N | B20: Nice to have | C20: =COUNTIFS('Task Tracker'!$G$2:$G$61,A20) -> 14 | D20: =SUMIFS('Task Tracker'!$H$2:$H$61,'Task Tracker'!$G$2:$G$61,A20) -> 22.5 | E20: =COUNTIFS('Task Tracker'!$G$2:$G$61,A20,'Task Tracker'!$K$2:$K$61,"Done") -> 0
A21: S | B21: Stretch | C21: =COUNTIFS('Task Tracker'!$G$2:$G$61,A21) -> 4 | D21: =SUMIFS('Task Tracker'!$H$2:$H$61,'Task Tracker'!$G$2:$G$61,A21) -> 4.5 | E21: =COUNTIFS('Task Tracker'!$G$2:$G$61,A21,'Task Tracker'!$K$2:$K$61,"Done") -> 0
A23: Assumptions
A24: Plan assumes ~24 hours with feature freeze at hour 19; hours are planning estimates, not measured.
A25: Shared Hours (5.0) apply equally to each person. Person totals differ slightly because P5 is at 19.5 task hours; C12 (NL drafting) is an unbudgeted floater.
A26: Hard gates: Hr 8 = 5/5 seeded scenarios pass in pytest; Hr 14 = live config change works end to end; Hr 19 = freeze.

Sheet Task Tracker
A1: ID | B1: Owner | C1: Owner Role | D1: Task | E1: Detail | F1: Maps To | G1: Tag | H1: Est. Hours | I1: Planned Window | J1: Depends On | K1: Status | L1: % Complete | M1: Hours Done | N1: Hours Left | O1: Notes / Blockers
A2: E1 | B2: P1 | C2: =INDEX(Summary!$B$5:$B$9,MATCH(B2,Summary!$A$5:$A$9,0)) -> Engine Lead | D2: Data model | E2: Typed classes: Request, ChangeRecord (TNAL), GPSRecord, EvidenceIndicator, Finding, Result, CoreValidation. Agree with P2/P3/P5. | F2: FAQ 8 | G2: M | H2: 1.5 | I2: Hr 2-4 | J2: Contracts | K2: Not Started | L2: 0 | M2: =ROUND(H2*L2,2) -> 0 | N2: =H2-M2 -> 1.5
A3: E2 | B3: P1 | C3: =INDEX(Summary!$B$5:$B$9,MATCH(B3,Summary!$A$5:$A$9,0)) -> Engine Lead | D3: Engine entry point | E3: run(request, tnal, gps, evidence, config) -> Result. No file, DB or network access. | F3: AC1, FAQ 8 | G3: M | H3: 1 | I3: Hr 3-4 | J3: E1 | K3: Not Started | L3: 0 | M3: =ROUND(H3*L3,2) -> 0 | N3: =H3-M3 -> 1
A4: E3 | B4: P1 | C4: =INDEX(Summary!$B$5:$B$9,MATCH(B4,Summary!$A$5:$A$9,0)) -> Engine Lead | D4: Check types (6) | E4: exact_match, allowed_values, required_present, numeric_tolerance, no_unrequested_change, evidence_required. Structured findings. | F4: AC2, AC3 | G4: M | H4: 4 | I4: Hr 3-6 | J4: E1 | K4: Not Started | L4: 0 | M4: =ROUND(H4*L4,2) -> 0 | N4: =H4-M4 -> 4
A5: E4 | B5: P1 | C5: =INDEX(Summary!$B$5:$B$9,MATCH(B5,Summary!$A$5:$A$9,0)) -> Engine Lead | D5: Normalizers | E5: trim, casefold, collapse_whitespace, date_iso, numeric; applied per field from config. | F5: AC2 | G5: N | H5: 1.5 | I5: Hr 8-10 | J5: E3 | K5: Not Started | L5: 0 | M5: =ROUND(H5*L5,2) -> 0 | N5: =H5-M5 -> 1.5
A6: E5 | B6: P1 | C6: =INDEX(Summary!$B$5:$B$9,MATCH(B6,Summary!$A$5:$A$9,0)) -> Engine Lead | D6: Categorization and reasons | E6: Map failures to MISMATCH/MISSING/UNAUTHORIZED/EVIDENCE; plain-language reason templates. | F6: AC3, FAQ 6 | G6: M | H6: 1.5 | I6: Hr 6-7 | J6: E3 | K6: Not Started | L6: 0 | M6: =ROUND(H6*L6,2) -> 0 | N6: =H6-M6 -> 1.5
A7: E6 | B7: P1 | C7: =INDEX(Summary!$B$5:$B$9,MATCH(B7,Summary!$A$5:$A$9,0)) -> Engine Lead | D7: Overall aggregation | E7: Any BLOCKING exception = EXCEPTION else PASS. Enum must not contain APPROVED. | F7: AC1, AC5 | G7: M | H7: 0.5 | I7: Hr 6-7 | J7: E3 | K7: Not Started | L7: 0 | M7: =ROUND(H7*L7,2) -> 0 | N7: =H7-M7 -> 0.5
A8: E7 | B8: P1 | C8: =INDEX(Summary!$B$5:$B$9,MATCH(B8,Summary!$A$5:$A$9,0)) -> Engine Lead | D8: Five Core Validations | E8: Map findings to the 5 control validations; status per validation. | F8: Process flow Step 6 | G8: M | H8: 2.5 | I8: Hr 8-11 | J8: E5 | K8: Not Started | L8: 0 | M8: =ROUND(H8*L8,2) -> 0 | N8: =H8-M8 -> 2.5
A9: E8 | B9: P1 | C9: =INDEX(Summary!$B$5:$B$9,MATCH(B9,Summary!$A$5:$A$9,0)) -> Engine Lead | D9: GPS vs TNAL cross-check + request-approved check | E9: Validation 5 (GPS matches ACH) and Validation 1 (request exists and approved). | F9: Process flow | G9: M | H9: 1.5 | I9: Hr 10-12 | J9: E7 | K9: Not Started | L9: 0 | M9: =ROUND(H9*L9,2) -> 0 | N9: =H9-M9 -> 1.5
A10: E9 | B10: P1 | C10: =INDEX(Summary!$B$5:$B$9,MATCH(B10,Summary!$A$5:$A$9,0)) -> Engine Lead | D10: Severity levels | E10: BLOCKING vs WARNING per rule; warnings shown but do not force EXCEPTION. | F10: Stretch | G10: S | H10: 1.5 | I10: Hr 14-16 | J10: E6 | K10: Not Started | L10: 0 | M10: =ROUND(H10*L10,2) -> 0 | N10: =H10-M10 -> 1.5
A11: E10 | B11: P1 | C11: =INDEX(Summary!$B$5:$B$9,MATCH(B11,Summary!$A$5:$A$9,0)) -> Engine Lead | D11: Engine unit tests | E11: One test per check type, normalization edges, blank vs missing, determinism, no-I/O-imports test. | F11: AC2, FAQ 10 | G11: M | H11: 2.5 | I11: Hr 6-8 | J11: E3 | K11: Not Started | L11: 0 | M11: =ROUND(H11*L11,2) -> 0 | N11: =H11-M11 -> 2.5
A12: E11 | B12: P1 | C12: =INDEX(Summary!$B$5:$B$9,MATCH(B12,Summary!$A$5:$A$9,0)) -> Engine Lead | D12: Diff spans | E12: Character-level diff spans for MISMATCH so UI can highlight. | F12: UX wow | G12: N | H12: 1.5 | I12: Hr 12-14 | J12: E5 | K12: Not Started | L12: 0 | M12: =ROUND(H12*L12,2) -> 0 | N12: =H12-M12 -> 1.5
A13: E12 | B13: P1 | C13: =INDEX(Summary!$B$5:$B$9,MATCH(B13,Summary!$A$5:$A$9,0)) -> Engine Lead | D13: Engine docs | E13: Docstrings + one page on adding a check type via config only. | F13: Deliverable | G13: M | H13: 0.5 | I13: Hr 16-17 | J13: E3 | K13: Not Started | L13: 0 | M13: =ROUND(H13*L13,2) -> 0 | N13: =H13-M13 -> 0.5
... A61: D12 | B61: P5 | C61: =INDEX(Summary!$B$5:$B$9,MATCH(B61,Summary!$A$5:$A$9,0)) -> Data, QA & Pitch Lead | D61: Submission package | E61: Backup video, README final pass, 12-item checklist with evidence links, repo cleanup, upload. | F61: Submission | G61: M | H61: 1.5 | I61: Hr 21-24 | J61: D11 | K61: Not Started | L61: 0 | M61: =ROUND(H61*L61,2) -> 0 | N61: =H61-M61 -> 1.5
A63: Legend
A64: Tag: M = Must (AC/FAQ), N = Nice-to-have, S = Stretch. Blue text = cells to edit (Status, % Complete, Notes, Hours).
A65: Hours Done = Est. Hours x % Complete. Set Status to 'Cut' for dropped tasks; they are excluded from the Summary 'Active Hours'.
A66: C12 is an unbudgeted floater (0 hours); put actual hours in H if you pick it up. Estimates are planning assumptions, not measured.

Sheet Shared Work
A1: Shared team activities (apply to all 5 people)
A3: Hours per person per activity. Counted once per person in the Summary.
A4: ID | B4: Activity | C4: When | D4: Hours / Person | E4: Status | F4: Notes
A5: S1 | B5: Kickoff, contract lock, spec reread | C5: Hr 0-2 | D5: 1.5 | E5: Not Started
A6: S2 | B6: Integration checkpoints (3 x 20 min: hr 8, 14, 18) | C6: Hr 8/14/18 | D6: 1 | E6: Not Started
A7: S3 | B7: Feature freeze and regression pass | C7: Hr 19-20 | D7: 0.5 | E7: Not Started
A8: S4 | B8: Bug bash (try to break SoD, bad YAML, double-decision) | C8: Hr 21 | D8: 1 | E8: Not Started
A9: S5 | B9: Rehearsals (5 x 12 min) | C9: Hr 19-23 | D9: 1 | E9: Not Started
A10: TOTAL | D10: =SUM(D5:D9) -> 5

Sheet AC Traceability
A1: AC | B1: Requirement | C1: Proving Tasks | D1: Primary Owner | E1: Supporting | F1: Evidence / Demo Moment | G1: Verified? (Y/N) | H1: Evidence Link
A2: AC1 | B2: End-to-end PASS/EXCEPTION in checker summary | C2: E2, E6, B3, U4 | D2: P1 | E2: P3, P4 | F2: Seeded suite + UI banner | G2: N
A3: AC2 | B3: Five seeded scenarios hit expected outcomes | C3: D2, D5, E3 | D3: P5 | E3: P1 | F3: pytest parametrized suite | G3: N
A4: AC3 | B4: Explainable exceptions (field, expected, actual, rule, reason) | C4: E5, U4, D5 | D4: P1 | E4: P4, P5 | F4: Exception card + test of six fields | G4: N
A5: AC4 | B5: Config-driven rule change, no code change | C5: C1-C4, C7, C11 | D5: P2 | E5: P5 (D4) | F5: Live flip + live-reload test | G5: N
A6: AC5 | B6: Human approval; system never approves | C6: B5, U7, B11 | D6: P3 | E6: P4 | F6: No-auto-approve test + decision panel | G6: N
A7: AC6 | B7: Guardrails: synthetic data, SoD, SIMULATED labels | C7: B6, B2, U1, D7 | D7: P3 | E7: P4, P5 | F7: SoD block demo + guardrail audit sheet | G7: N
A9: ACs verified | C9: =COUNTIF(G2:G7,"Y")&" of 6" -> 0 of 6

Sheet FAQ11 Checklist
A1: # | B1: Checklist Item (FAQ 11) | C1: Owner | D1: Done? (Y/N) | E1: Evidence Link
A2: 1 | B2: Synthetic maintenance requests created | C2: P5 | D2: N
A3: 2 | B3: Synthetic TNAL/GPS reports created | C3: P5 | D3: N
A4: 3 | B4: External rules configuration defined | C4: P2 | D4: N
A5: 4 | B5: Comparison engine implemented | C5: P1 | D5: N
A6: 5 | B6: All 5 seeded scenarios functional | C6: P1 + P5 | D6: N
A7: 6 | B7: Reviewer summary UI built | C7: P4 | D7: N
A8: 7 | B8: Discrepancy details and plain-language reasons surfaced | C8: P1 + P4 | D8: N
A9: 8 | B9: Live rule modification verified without restart | C9: P2 | D9: N
A10: 9 | B10: Reviewer decision capture (Approve / Investigate) | C10: P3 + P4 | D10: N
A11: 10 | B11: Run metadata header displayed | C11: P3 + P4 | D11: N
A12: 11 | B12: Segregation of Duties enforced | C12: P3 | D12: N
A13: 12 | B13: 5-minute presentation rehearsed | C13: P5 (all) | D13: N
B15: Items complete | C15: =COUNTIF(D2:D13,"Y")&" of 12" -> 0 of 12

Sheet Gates & Cut Order
A1: Hard gates
A2: Gate | B2: Hour | C2: Pass Condition | D2: Met? (Y/N)
A3: G1 | B3: 8 | C3: 5/5 seeded scenarios pass in pytest. No UI polish before this. | D3: N
A4: G2 | B4: 14 | C4: Live config change works end to end (edit, rerun, outcome flips, hash changes). | D4: N
A5: G3 | B5: 19 | C5: FEATURE FREEZE. Anything unfinished is cut. | D5: N
A8: Cut order if time runs short (cut top-down)
A9: Order | B9: Cut Item | C9: Task IDs
A10: 1 | B10: C12 natural-language drafting | C10: C12
A11: 2 | B11: Revalidate loop (backend + UI) | C11: B10, U10
A12: 3 | B12: Severity levels | C12: E9
A13: 4 | B13: Audit export / UI (keep JSON dump) | C13: B9, U9
A14: 5 | B14: Hash-chained audit log | C14: B8
A15: 6 | B15: Run analytics | C15: U8, B7
A16: 7 | B16: Config change log | C16: C10
A17: 8 | B17: Character-level diff (fall back to plain highlight) | C17: E11, U5
A19: Never cut: E1-E3, E5-E8, E10, C1-C4, C6, C7, C11, B1-B6, B11, U1-U4, U6, U7, U11, and all D tasks except D3.

Sheet Contracts
A1: Shared contracts (lock at hours 0-2, all 5 together)
A3: Contract | B3: Definition | C3: Agreed by all? (Y/N)
A4: Finding object | B4: finding_id, field, category (MISMATCH|MISSING|UNAUTHORIZED|EVIDENCE), expected, actual, rule_id, rule_text, result (PASS|EXCEPTION), severity (BLOCKING|WARNING), reason, core_validation | C4: N
A5: Run record | B5: run_id, request_id, tnal_report_id, gps_report_id, config_version_label, config_hash, timestamp, overall_result, findings[], core_validations[1..5], decision, decision_by, decision_notes, decision_timestamp, parent_run_id, prev_hash, record_hash | C5: N
A6: Endpoints | B6: GET /scenarios, POST /validate, GET/PUT /config, POST /config/validate, POST /whatif, POST /decision, GET /runs, GET /runs/{id}, POST /runs/{id}/revalidate, GET /audit/verify, GET /export/{run_id}, POST /reset | C6: N
A7: Personas (fictional) | B7: Maker: proc_jlee. Checkers: rev_mkhan, rev_apatel. Control owner: own_sbrown. | C7: N
A8: Result enum rule | B8: Result states must never include APPROVED; only a human decision can approve. | C8: N
A9: Data rule | B9: Synthetic only. Fake IDs (ACH-REQ-0001, ACME TEST CO). No account numbers. Label every integration SIMULATED. | C9: N

Sheet Timeline
A1: Timeline by person (planned task windows)
A3: Hours | B3: P1 Engine | C3: P2 Config | D3: P3 Backend | E3: P4 Frontend | F3: P5 Data/QA/Pitch
A4: 0-2 | B4: Contracts (all) | C4: Contracts (all) | D4: Contracts (all) | E4: Contracts (all) | F4: Contracts (all)
A5: 2-6 | B5: E1-E3 | C5: C1, C2 | D5: B1-B3 | E5: U1, U2 | F5: D2, D1
A6: 6-8 | B6: E5, E6, E10 | C6: C3, C4 | D6: B4 | E6: U3, U4 | F6: D5 (5/5 green gate), D4
A7: 8-12 | B7: E7, E8, E4 | C7: C6, C7 | D7: B5, B6 | E7: U6, U7 | F7: D7, D8 draft
A8: 12-16 | B8: E11, E9 | C8: C5, C8, C9 | D8: B7, B11 | E8: U5, U8 | F8: D3, D6, D9 skeleton
A9: 16-19 | B9: E12 | C9: C10, C11 | D9: B8, B9 | E9: U9, U11 | F9: D10, D9 v2
A10: 19 | B10: FEATURE FREEZE | C10: FEATURE FREEZE | D10: FEATURE FREEZE | E10: FEATURE FREEZE | F10: FEATURE FREEZE
A11: 19-21 | B11: Bug fixes | C11: Bug fixes | D11: B10 (S) | E11: U10 (S), U12 | F11: D11, rehearsals
A12: 21-24 | B12: Regression | C12: Regression | D12: Regression | E12: Polish | F12: D12, video, submit
A14: Note: P4 windows use mock data until P3 endpoints land (hr 5-6); P1 diff spans (E11) are needed by P4 U5.
